-- phpMyAdmin SQL Dump
-- version 4.1.14
-- http://www.phpmyadmin.net
--
-- Počítač: 127.0.0.1
-- Vytvořeno: Pon 06. čen 2016, 03:02
-- Verze serveru: 5.6.17
-- Verze PHP: 5.5.12

SET SQL_MODE = "NO_AUTO_VALUE_ON_ZERO";
SET time_zone = "+00:00";

--
-- Databáze: `kompetence`
--

-- --------------------------------------------------------

--
-- Struktura tabulky `cekatel_items`
--

CREATE TABLE IF NOT EXISTS `cekatel_items` (
  `cekatel_id` int(11) NOT NULL AUTO_INCREMENT,
  `name` varchar(255) COLLATE utf8_czech_ci NOT NULL,
  `description` varchar(255) COLLATE utf8_czech_ci NOT NULL,
  PRIMARY KEY (`cekatel_id`)
) ENGINE=InnoDB  DEFAULT CHARSET=utf8 COLLATE=utf8_czech_ci COMMENT='Tabulka obsahující kompetence čekatele' AUTO_INCREMENT=43 ;

--
-- Vypisuji data pro tabulku `cekatel_items`
--

INSERT INTO `cekatel_items` (`cekatel_id`, `name`, `description`) VALUES
(1, 'Ví, co je podstatou skautingu, ztotožňuje se s třemi Principy a posláním skautingu.', 'Chápe, že podstata skautingu je vyjádřena v Principech, po-slání a metodě. Rozumí těmto pojmům, ztotožňuje se s hod-notami prezentovanými Principy i s myšlenkou poslání. Chápe, jak skautský zákon a slib vyjadřují tři Principy, a snaží se podle nich žít.'),
(2, 'Zná historii skautingu a jeho vztahu ke společnosti.', 'Ví, z jakých kořenů skauting vychází, jaká je jeho historie a jaká byla a je jeho role ve společnosti.'),
(3, 'Dokáže vysvětlit proč je skautem, a dokáže se za skauting postavit.', 'Ví, proč jej oslovují myšlenky a ideje skautingu. Dokáže skauting přiměřeně prezentovat a zastat se jej před druhými.'),
(4, 'Dokáže popsat své motivy pro práci v Junáku.', 'Je si vědom, proč jako dobrovolník působí ve skautském hnutí a jaká je jeho role čekatele.'),
(5, 'Umí si hrát.', 'Umí se zapojit do aktivity se svými svěřenci. Umí si užít, když je uchazečem nějaké činnosti.'),
(6, 'Vytváří fungující vztahy k lidem okolo sebe.', 'Vytváří fungující vztahy k lidem, které vede, i ke svým spolupracovníkům. Přistupuje k nim jako k individualitám a respektuje je.'),
(7, 'Poznává sám sebe a vše-stranně se rozvíjí.', 'Uvědomuje si a hledá svoje silné a slabé stránky a všestran-ně se rozvíjí. Umí zhodnotit, na co stačí jeho schopnosti.'),
(8, 'Dokáže převzít roli vedoucího.', 'Přijímá svůj díl odpovědnosti za oddíl a je schopen a ocho-ten dočasně převzít roli vedoucího.'),
(9, 'Je schopen přijímat konstruktivní kritiku.', 'Chápe, kdy je cílem kritiky poukázat na "prostor ke zlepše-ní", umí posoudit oprávněnost vznesených námětů, přijmout je a vzít si z nich to nejlepší.'),
(10, 'Je pro děti vzorem, chová se podle toho a nezneužívá svého postavení.', 'Ví, že jako vzor hraje důležitou roli v utváření osobnosti dítěte. Nepřetvařuje se, není pokrytecký. Ze všech svých sil se snaží být lepším.'),
(11, 'Zná trendy ve světě dětí a sleduje dění ve světě dospě-lých.', 'Má základní představu o tom, co je pro děti IN. Zajímá se o aktuální fenomény - dětskou literaturu, filmy, seriály, nové hračky. Má přehled o nejdůležitějších událostech ve světě i u nás. Znalosti využívá při činnosti v oddíle.'),
(12, 'Umí pracovat s krátkodo-bými cíli.', 'Umí formulovat krátkodobé cíle, nastavit jejich úroveň vzhledem k cílové skupině, je schopen je naplnit a zhodnotit, jestli cílů dosáhl a v jaké míře.'),
(13, 'Rozumí jednotlivým částem skautské výchovné metody i metodě jako celku.', 'Ví, jakou roli ve skautingu hraje skautská výchovná metoda. Ví, k čemu je dobrá, zná její části (umí je popsat a uvést na příkladu), vědomě a částečně umí metodu začlenit do práce s oddílem. Její jednotlivé prvky dokáže najít v programu oddílu. Přijímá sk'),
(14, 'Umí vhodně volit prostřed-ky a používá nástroje skaut-ské výchovy.', 'Ví, co je to prostředek, umí ho odlišit od cíle. Umí ke svým cílům najít i vytvořit vhodné prostředky, které jsou přiměře-né, atraktivní a efektivní. Ví, jaké prostředky používá při činnosti oddílu, a proč je zařazuje. Zná základní nástroje skautské výcho'),
(15, 'Umí pracovat s oficiální stezkou.', 'Rozumí jednotlivým principům stezky, které dokáže použít. Na základě porozumění je schopen se stezkou pracovat a používat ji jako funkční nástroj. Používá-li jeho oddíl vlastní stezku, umí pojmenovat její výhody a nedostatky.'),
(16, 'Umí vhodně dramaturgicky sestavit program akce.', 'Umí, s ohledem na rizika i specifika, poskládat programy za sebe tak, aby docílil požadovaného efektu a cílů.'),
(17, 'Při realizaci programu umí reagovat na nečekané situace.', 'Zareaguje na nečekanou situaci a dovede smysluplně pozměnit plánovaný program. Nepoužívá improvizaci jako zástěrku nepřipravenosti. Umí rozeznat chvíli, kdy je lepší improvizovat, dovede provést dramaturgické změny a zdůvodní to. Při změnách v programu za'),
(18, 'Umí zpětně porovnat plán programu s jeho realizací a poučit se z toho.', 'Je schopen zpětně porovnat připravený plán s průběhem akce, dokáže popsat rozdíly a vyvodit z nich důsledky pro přípravu příštích akcí.'),
(19, 'Umí zorganizovat činnost/práci a vhodně rozdělí úkoly ostatním.', 'Uvědomuje si, že ne všechnu svěřenou práci zvládne vyko-nat sám. Umí ostatním vhodně rozdělit úkoly, dostatečně je vysvětlit. Pohlídá jejich splnění.'),
(20, 'Umí používat „Hodnocení kvality v Junáku“.', 'Posoudí, v jaké míře jeho oddíl naplňuje kritéria kvality, a zjištění chápe jako východisko ke zlepšení. O výsledcích je schopen diskutovat s vůdcem oddílu.'),
(21, 'Umí vhodnou formou dát, získat a využít zpětnou vazbu.', 'Ví, že zpětná vazba je důležitým prostředkem práce s členy oddílu. Ví, jaké má mít náležitosti, aby byla přínosná a aby neuškodila. Umí ji poskytnout i přijmout (získat ji - např. pozorováním, nasloucháním…). S výsledky umí vhodně naložit.'),
(22, 'Rozumí podstatě odměn a trestů a umí je vhodně využívat.', 'Ví, co to jsou odměny a tresty. Jaké mohou mít přínosy a naopak zápory, podle čeho je volit, jaké zásady dodržovat při jejich používání.'),
(23, 'Připravované programy přizpůsobuje cílovým skupinám.', 'Ví, jaká jsou specifika práce s dětmi jednotlivých věkových kategorií a respektuje to při přípravě programu. Uvědomuje si odlišný styl práce ve věkově/pohlavně smíšeném kolektivu.'),
(24, 'Umí jednat s dětmi i dospě-lými.', 'Při komunikaci s dětmi i dospělými respektuje jejich charak-teristiky. Zohledňuje mj. to, zda jedná se skautem či neskau-tem. Umí jednoduše a jasně sdělit informaci. Podle konkrét-ní situace volí např. jiný slovník, skladbu vět, tempo řeči…'),
(25, 'Poznává jemu svěřené děti.', 'Všímá si svěřených dětí, zajímá se o ně, o jejich životní situ-aci i mimo skautský oddíl. Dokáže u nich pojmenovat jejich přednosti a možnosti dalšího rozvoje, respektuje jejich zvláštnosti.'),
(26, 'Dokáže poznat, že se cho-vání jemu svěřeného dítěte změnilo, a upozornit na to.', 'Dokáže u svého svěřence rozpoznat, že se chová jinak než obvykle nebo že se ocitl v problémové situaci, a přiměřeně na to zareaguje. (Dítě např. začne být plačtivé, nadměrně agresivní, úzkostné, i když takové nebývalo.) Ví, že on sám nemůže v takových záv'),
(27, 'Uvědomuje si význam vztahů mezi členy družiny/oddílu.', 'Uvědomuje si, že družinu tvoří dobrá parta kamarádů, kteří spolu hrají hry, řeší problémy atd. Dokáže stručně charakterizovat, jaké vlastnosti tato skupina nese a ví, že volbou a zadáním programů může působit na podobu vztahů mezi členy.'),
(28, 'Zná a zohledňuje doporučené limity pro práci s dětmi. ', 'Ví, jaké psychické a fyzické limity jsou nastaveny pro činnost s dětmi (vyhláškami, doporučeními, normami...). Zohledňuje je v činnosti oddílu s ohledem na aktuální situaci. Má přehled o omezeních jemu svěřených dětí a umí tomu vhodně přizpůsobit program.'),
(29, 'Zvažuje potenciální rizika a snaží se jim předcházet .', 'Zná rizika, která přináší pobyt v klubovně či v přírodě, ale i specifické činnosti zde prováděné (kolo, koupání, přesun po silnici, noční pochod atd.). Zná požadavky na personální a technické zajištění rizikových aktivit (koupání, pohyb po silnici, cyklis'),
(30, 'Umí se vhodně zachovat v krizové situaci.', 'Nastane-li krizová situace, dokáže se zorientovat, odhadnout svoji roli a vhodně reagovat. Má osvojeny zásady chování při požáru, úrazu, tonutí, převržení lodi, dopravní nehodě, nepřízni počasí, nedostatku jídla či pití, ztracení členů apod.  Ví jaká jsou'),
(31, 'Rozpozná život ohrožující stavy a další závažná pora-nění, poskytne první pomoc.', 'Umí posoudit závažnost zdravotního stavu a dokáže provést laickou první pomoc (resuscitace, zástava masivního krvá-cení, zlomeniny, alergické reakce, tepelná poškození, šok, bezvědomí, běžné úrazy atd.). První pomoc zvládá teoretic-ky i prakticky. Zná bez'),
(32, 'Dbá na zajištění bezpečnosti uchazečů na akcích. ', 'Ví, kdy uchazečy upozornit na potencionální rizika, a vhodně je poučí. V praxi dodržuje základní hygienická pravidla a dokáže využít oddílovou lékárničku. Ví, proč je pro bezpečnost na akcích důležité znát podrobné informace o jejich účastnících (zdravotn'),
(33, 'Ví, kdo má právní subjektivitu a v čem spočívá.', 'Ví, kdo je nositelem práv a povinností. Dokáže vysvětlit rozdíl mezi fyzickou a právnickou osobou. Ví, které jednotky mají právní subjektivitu a v čem tato praticky spočívá (např. otázka vlastnictví vybavení užívaného při oddílové činnosti).'),
(34, 'Ví, kdo v Junáku může činit právní úkony.', 'Ví, kdo může činit právní úkony a v jakém rozsahu, zejména při běžné oddílové činnosti. Ví, jak může činit právní úkony organizační jednotka (statutární orgán, zastoupení). Ví, za jakých okolností může činit právní úkony jménem organizační jednotky (na zá'),
(35, 'Ví, jaké důsledky má porušení práva.', 'Rozumí konceptu občanskoprávní, trestněprávní, správněprávní odpovědnosti za porušení právních povinností a zná praktické rozdíly mezi nimi. Ví, v čem spočívá  odpovědnost za škodu. Ví, kdy může nést odpovědnost za škodu vzniklou při  činnosti oddílu. Ví,'),
(36, 'Zná další právní předpisy vztahující se k oddílovému životu.', 'Zná nejdůležitější povinnosti stanovené dalšími právními předpisy ve vztahu k typické činnosti oddílu, zejm. v oblastech: - užívání lesů,  - ochrana přírody a krajiny,  - ochrana osobních údajů a ochrana osobnosti, - provoz na pozemních komunikacích.'),
(37, 'Zná Stanovy Junáka.', 'Seznámí se se Stanovami Junáka, zná jejich stručný obsah.'),
(38, 'Zná svoje středisko.', 'Zná svoje středisko - jeho název, sídlo, oddíly střediska a nejdůležitější činovníky v něm. Ví, jak by mělo středisko být řízeno a jak by mělo fungovat. Ví, jaké je postavení střediska v organizační struktuře Junáka.'),
(39, 'Využívá skautské informační zdroje.', 'Zná skautské weby, časopisy. Umí najít potřebné skautské předpisy a formuláře, informace o organizaci, oddílech, akcích, základnách apod. Umí pracovat se SkautISem.'),
(40, 'Dokáže pracovat s účetními doklady.', 'Zná náležitosti prvotních dokladů. Zná a umí vyplnit příjmový a výdajový pokladní doklad.'),
(41, 'Ovládá hospodaření malé akce.', 'Umí sestavit rozpočet malé akce, vést evidenci  pokladní hotovosti a sestavit přehled příjmů a výdajů akce.'),
(42, 'Ví, jak se hospodaří s majetkem a financemi v jeho oddíle.', 'Ví, komu patří majetek používaný oddílem a jakými pravi-dly se řídí hospodaření s tímto majetkem a svěřenými finan-cemi. Ví, jak majetek vzniká, komu patří, jak a kde se berou peníze v oddíle a jak se s nimi hospodaří. Zná středisková a oddílová pravidla ');

-- --------------------------------------------------------

--
-- Struktura tabulky `competences`
--

CREATE TABLE IF NOT EXISTS `competences` (
  `competence_id` int(11) NOT NULL AUTO_INCREMENT,
  `competence_group_id` int(11) NOT NULL,
  `name` varchar(100) COLLATE utf8_czech_ci NOT NULL,
  `level_cekatel` varchar(255) COLLATE utf8_czech_ci DEFAULT NULL,
  `level_vudce` varchar(255) COLLATE utf8_czech_ci DEFAULT NULL,
  PRIMARY KEY (`competence_id`),
  KEY `competence_group_id` (`competence_group_id`)
) ENGINE=InnoDB  DEFAULT CHARSET=utf8 COLLATE=utf8_czech_ci COMMENT='Tabulka obsahující přehled kompetencí' AUTO_INCREMENT=39 ;

--
-- Vypisuji data pro tabulku `competences`
--

INSERT INTO `competences` (`competence_id`, `competence_group_id`, `name`, `level_cekatel`, `level_vudce`) VALUES
(1, 2, 'Analýza současného stavu', 'Podílí se na hodnocení realizovaných aktivit i dlouhodobé činnosti.', 'Pojmenovává silné stránky a rezervy jednotky i realizovaných aktivit.'),
(2, 2, 'Práce s cíli', 'Podílí se na stanovování cílů.', 'Pro krátkodobé aktivity i pro dlouhodobou činnost zajišťuje stanovení konkrétních, reálných a pro ostatní členy skupiny přijatelných cílů.'),
(3, 2, 'Volba prostředku', 'Volí vhodné prostředky vzhledem ke stanoveným cílům.', 'Zvažuje různé prostředky k naplnění stanovených cílů a volí ty nejefektivnější.'),
(4, 2, 'Sestavení časového plánu', 'Sestavuje časově reálný harmonogram krátkodobých činností a aktivit.', 'Sestavuje časově reálný harmonogram krátkodobých i dlouhodobých činností a aktivit.'),
(5, 2, 'Vyhodnocení plánu', 'Posuzuje míru naplnění stanovených cílů a vyvozuje z toho závěry do budoucnosti.', NULL),
(6, 2, 'Hospodaření', 'Vytváří realistický finanční plán pro malou akci, průběžně kontroluje jeho plnění a provede vyúčtování v souladu s pravidly.', 'Vytváří realistický finanční plán pro velkou akci, průběžně kontroluje jeho plnění a provede vyúčtování v souladu s pravidly.'),
(7, 1, 'Získávání informací', NULL, 'Získává a ověřuje z různých zdrojů informace, které jsou potřebné či užitečné pro činnost oddílu.'),
(8, 1, 'Předávání informací', NULL, 'Předává důležité informace  mimo Junáka (rodičům, veřejnosti) i v rámci organizace (dětem, vedoucím, činovníkům střediska).'),
(9, 1, 'Komunikační styly a kanály', 'Přizpůsobuje komunikační styl a komunikační kanály situaci a osobám s nimiž hovoří.', 'Ovládá různé komunikační styly a volí je s ohledem na situaci.'),
(10, 1, 'Verbální a neverbální projev', 'Předává srozumitelně své myšlenky skupině i jednotlivcům.', 'Předává srozumitelně své myšlenky skupině i jednotlivcům a podkládá je argumenty.'),
(11, 3, 'Jednání v souladu s právem', 'Jedná v souladu s právními předpisy.', 'Vede skupinu v souladu s právními předpisy, zasahuje, když je právo porušováno.'),
(12, 3, 'Řízení rizika', 'Zná rizika, kterým jsou vystaveny děti různých věkových skupin.', 'Zná častá rizika související s prací s dětmi, analyzuje je vzhledem k situaci, snižuje jejich pravděpodobnost a zmírňuje možný dopad.'),
(13, 3, 'Zajištění bezpečnosti', 'Dodržuje pravidla fyzické i psychické bezpečnosti u běžných aktivit s dětmi.', 'Zajišťuje dodržování pravidel fyzické i psychické bezpečnosti při běžých i specifických aktivitách s dětmi.'),
(14, 3, 'Řešení krizových situací', 'Dodržuje základní zásady řešení krizových situací.', 'Dodržuje zásady řešení krizových situací, činí preventivní kroky pro předcházení krizovým situacím.'),
(15, 3, 'Zdravověda', 'Rozezná kritický stav, poskytne první pomoc, dodržuje zásady hygieny.', 'Zajišťuje hygienu, prevenci vzniku úrazu či onemocnění, vytváří zázemí pro poskytnutí efektivní první pomoci.'),
(16, 4, 'Koordinace práce', 'Koordinuje činnost skupiny.', 'Rozděluje úkoly, strukturuje práci skupiny a vede ji k naplnění cílů.'),
(17, 4, 'Leadership', NULL, 'Buduje tým, formuluje atraktivní vizi, inspiruje svým přístupem, přizpůsobuje svůj styl vedení situaci.'),
(18, 4, 'Získávání členů', NULL, 'Získává pro oddíl nové mladší členy i dospělé spolupracovníky.'),
(19, 4, 'Práce s motivací', 'Podporuje vnitřní motivaci dětí a s odměnami a tresty pracuje v souladu s pravidly pro jejich udělování.', 'Pracuje komplexně s motivací dětí i dospělých.'),
(20, 4, 'Spolupráce', 'Spolupracuje na plnění společných cílů.', 'Zapojuje členy týmu do vedení oddílu, podněcuje je spolupráci, a jde jim v tom příkladem.'),
(21, 4, 'Budování vztahů', 'Vytváří fungující vztahy.', 'Vytváří respektující prostředí podporující dobrou atmosféru a dobré vztahy ve skupině.'),
(22, 5, 'Náhled na sebe', 'Zná své silné stránky a rezervy. Zná své motivy, které jej vedou pro práci v Junáku.', 'Zná své motivy pro činnost, silné stránky a rezervy, přiměřeně kriticky analyzuje své minulé jednání.'),
(23, 5, 'Rozvoj a osobní cíle', 'Všestranně se rozvíjí.', 'Stanovuje si cíle pro osobní rozvoj a pracuje na jejich naplnění, ví jak kompenzovat své rezervy.'),
(24, 5, 'Přijímání zpětné vazby', 'Přijímá podněty ze zpětné vazby a využívá zpětnou vazbu pro změnu svého chování a přístupu.', NULL),
(25, 5, 'Sebeřízení', 'Odpovědně plní své úkoly, dodržuje termíny. Chová se v souladu s etikou práce vedoucího dětí a mládeže.', NULL),
(26, 5, 'Unikátní odbornost', 'Využívá svých znalostí a dovedností získaných mimo Junák ve prospěch své jednotky.', NULL),
(27, 6, 'Osobní přístup', 'Zná a poznává svěřené děti, zajímá se o děti jako jednotlivce, rozpozná pokud se chovají neobvykle.', 'Přizpůsobuje aktivity momentální situaci, zájmům, schopnostem a specifickým potřebám dětí i dospělých spolupracovníků.'),
(28, 6, 'Rozvoj skupiny', 'Přizpůsobuje činnosti specifikům skupiny dětí, se kterou pracuje.', NULL),
(29, 6, 'Metody a formy rozvoje', NULL, 'Zajišťuje všestranný rozvoj dětí s využitím rozmanitých metod a forem rozvoje a podporuje rozvoj dospělých spolupracovníků.'),
(30, 6, 'Poskytování zpětné vazby', 'Poskytuje konstruktvní zpětnou vazbu.', 'Poskytuje konstruktivní zpětnou vazbu a vytváří podmínky pro to, aby členové skupiny zpětnou vazbu získali.'),
(31, 6, 'Vlastní příklad', 'Chová se tak, jak chce, aby se chovali lidi, které rozvíjí.', NULL),
(32, 6, 'Sledování rozvoje', NULL, NULL),
(33, 7, 'Poslání a principy hnutí', 'Jedná v souladu s principy skautingu a přispívá k naplňování poslání skautingu.', NULL),
(34, 7, 'Skautská metoda', 'Využívá prvky skautské výchovné metody.', 'Využívá skautskou výchovnou metodu.'),
(35, 7, 'Metodické nástroje Junáka', 'Využívá výchovné a metodické nástroje Junáka.', 'Systematicky začleňuje výchovné a metodické nástroje Junáka do činnosti.'),
(36, 7, 'Junák jako organizace', 'Naplňuje povinnosti a využívá svých práv člena střediska Junáka.', 'Naplňuje povinnosti a využívá svých práv člena Junáka a mezinárodních organizací.'),
(37, 7, 'Skautské dovednosti', 'Má skautské a tábornické dovednosti umožňující realizaci programů v přírodě a rozvoj dětí v souladu s metodickými nástroji Junáka.', NULL),
(38, 7, 'Administrativa', NULL, 'Vede agendu oddílu v souladu s vnitřními předpisy a metodikami Junáka.');

-- --------------------------------------------------------

--
-- Struktura tabulky `competences_cekatel_items`
--

CREATE TABLE IF NOT EXISTS `competences_cekatel_items` (
  `competence_id` int(11) NOT NULL,
  `cekatel_item_id` int(11) NOT NULL,
  PRIMARY KEY (`competence_id`,`cekatel_item_id`),
  KEY `cekatel_id` (`cekatel_item_id`)
) ENGINE=InnoDB DEFAULT CHARSET=utf8 COLLATE=utf8_czech_ci COMMENT='Tabulka s vazbami mezi KMJ a cekatelskym profilem';

--
-- Vypisuji data pro tabulku `competences_cekatel_items`
--

INSERT INTO `competences_cekatel_items` (`competence_id`, `cekatel_item_id`) VALUES
(33, 1),
(33, 2),
(22, 3),
(22, 4),
(21, 6),
(22, 7),
(16, 8),
(24, 9),
(31, 10),
(28, 11),
(2, 12),
(34, 13),
(3, 14),
(35, 15),
(4, 16),
(4, 17),
(5, 18),
(16, 19),
(1, 20),
(30, 21),
(19, 22),
(28, 23),
(10, 24),
(27, 25),
(27, 26),
(21, 27),
(13, 28),
(12, 29),
(14, 30),
(15, 31),
(13, 32),
(11, 33),
(11, 34),
(11, 35),
(11, 36),
(36, 37),
(36, 38),
(9, 39),
(6, 40),
(6, 41),
(6, 42),
(11, 42);

-- --------------------------------------------------------

--
-- Struktura tabulky `competences_vudce_items`
--

CREATE TABLE IF NOT EXISTS `competences_vudce_items` (
  `competence_id` int(11) NOT NULL,
  `vudce_item_id` int(11) NOT NULL,
  PRIMARY KEY (`competence_id`,`vudce_item_id`),
  KEY `vudce_id` (`vudce_item_id`)
) ENGINE=InnoDB DEFAULT CHARSET=utf8 COLLATE=utf8_czech_ci;

--
-- Vypisuji data pro tabulku `competences_vudce_items`
--

INSERT INTO `competences_vudce_items` (`competence_id`, `vudce_item_id`) VALUES
(11, 1),
(33, 1),
(11, 2),
(12, 2),
(13, 2),
(11, 3),
(36, 3),
(11, 4),
(12, 4),
(38, 4),
(11, 5),
(12, 5),
(11, 6),
(12, 6),
(11, 7),
(14, 7),
(11, 8),
(13, 8),
(14, 9),
(11, 10),
(12, 10),
(13, 10),
(33, 11),
(34, 11),
(4, 12),
(15, 12),
(16, 12),
(2, 13),
(3, 13),
(4, 13),
(6, 14),
(16, 14),
(29, 14),
(34, 14),
(35, 14),
(2, 15),
(3, 15),
(4, 15),
(1, 16),
(2, 16),
(3, 16),
(4, 16),
(27, 17),
(4, 18),
(16, 18),
(17, 19),
(1, 20),
(2, 20),
(17, 20),
(1, 21),
(29, 23),
(2, 24),
(4, 24),
(3, 25),
(34, 25),
(10, 26),
(28, 26),
(3, 27),
(3, 28),
(10, 28),
(3, 29),
(29, 29),
(3, 30),
(29, 30),
(19, 31),
(28, 32),
(28, 33),
(3, 34),
(19, 34),
(33, 34),
(11, 35),
(19, 35),
(29, 36),
(34, 36),
(29, 37),
(35, 37),
(29, 38),
(35, 38),
(35, 39),
(36, 39),
(29, 40),
(35, 40),
(21, 41),
(29, 41),
(31, 41),
(3, 42),
(29, 42),
(34, 42),
(11, 43),
(27, 43),
(34, 43),
(27, 44),
(28, 44),
(33, 45),
(34, 45),
(34, 46),
(35, 46),
(28, 47),
(34, 47),
(34, 48),
(30, 49),
(34, 49),
(22, 50),
(22, 51),
(21, 52),
(11, 53),
(12, 53),
(25, 53),
(26, 55),
(4, 56),
(17, 57),
(33, 57),
(34, 57),
(36, 57),
(3, 58),
(26, 58),
(29, 58),
(17, 59),
(22, 59),
(26, 59),
(33, 59),
(15, 60),
(29, 60),
(31, 60),
(27, 61),
(29, 61),
(12, 62),
(14, 62),
(29, 62),
(29, 63),
(29, 64),
(30, 64),
(9, 65),
(10, 65),
(29, 65),
(30, 65),
(31, 65),
(29, 66),
(29, 67),
(30, 67),
(31, 67),
(25, 68),
(33, 68),
(34, 69),
(35, 69),
(29, 70),
(30, 70),
(31, 70),
(33, 70),
(34, 71),
(29, 72),
(30, 72),
(31, 72),
(33, 72),
(34, 72),
(33, 73),
(29, 74),
(30, 74),
(31, 74),
(33, 74),
(29, 75),
(30, 75),
(31, 75),
(33, 75),
(34, 75),
(29, 76),
(30, 76),
(31, 76),
(33, 76),
(34, 76),
(29, 77),
(30, 77),
(31, 77),
(33, 77),
(34, 77),
(21, 78),
(9, 79),
(10, 79),
(27, 79),
(20, 80),
(24, 81),
(24, 82),
(21, 85),
(21, 86),
(29, 86),
(30, 86),
(31, 86),
(29, 87),
(30, 87),
(31, 87),
(9, 89),
(21, 89),
(9, 90),
(20, 90),
(21, 90),
(9, 91),
(14, 91),
(20, 91),
(21, 91),
(9, 92),
(21, 92),
(9, 93),
(21, 93),
(10, 94),
(10, 95),
(9, 96),
(10, 96),
(9, 97),
(10, 97),
(9, 98),
(38, 102),
(9, 104),
(38, 104),
(9, 106),
(9, 107),
(9, 108),
(29, 110),
(14, 111),
(15, 111),
(15, 112),
(15, 113),
(15, 114),
(15, 115),
(15, 116),
(15, 117),
(15, 118),
(15, 119),
(15, 120),
(15, 121),
(15, 122),
(15, 123),
(9, 124),
(10, 124),
(15, 124),
(15, 125),
(15, 126),
(15, 127),
(11, 128),
(15, 128),
(9, 129),
(10, 129),
(15, 129),
(12, 130),
(13, 130),
(14, 130),
(3, 131),
(13, 131),
(28, 131),
(3, 132),
(13, 132),
(28, 132),
(6, 133),
(15, 133),
(4, 134),
(13, 134),
(16, 134),
(17, 134),
(20, 134),
(4, 135),
(13, 135),
(16, 135),
(17, 135),
(20, 135),
(12, 136),
(13, 136),
(14, 136),
(15, 136),
(13, 137),
(15, 137),
(6, 138),
(15, 138),
(14, 139),
(15, 140),
(13, 141),
(15, 141),
(28, 142),
(12, 143),
(28, 143),
(28, 144),
(27, 145),
(28, 145),
(27, 146),
(28, 146),
(10, 147),
(12, 147),
(27, 148),
(27, 149),
(29, 149),
(9, 150),
(28, 150),
(27, 151),
(27, 152),
(9, 153),
(27, 153),
(27, 154),
(27, 155),
(27, 156),
(9, 157),
(19, 157),
(17, 158),
(17, 159),
(22, 159),
(12, 160),
(17, 160),
(25, 160),
(17, 161),
(9, 162),
(16, 162),
(9, 163),
(17, 163),
(17, 164),
(25, 164),
(19, 165),
(17, 166),
(20, 166),
(17, 167),
(17, 168),
(17, 169),
(30, 169),
(17, 170),
(20, 170),
(21, 170),
(17, 171),
(20, 171),
(20, 172),
(21, 172),
(1, 173),
(5, 173),
(14, 173),
(17, 174),
(17, 175),
(30, 175),
(16, 176),
(19, 176),
(5, 177),
(9, 177),
(16, 177),
(9, 178),
(16, 178),
(17, 179),
(22, 179),
(35, 180),
(36, 180),
(11, 181),
(38, 181),
(38, 182),
(36, 183),
(36, 184),
(36, 185),
(36, 186),
(36, 187),
(38, 187),
(36, 188),
(11, 189),
(25, 189),
(33, 189),
(17, 191),
(29, 191),
(14, 192),
(22, 192),
(23, 192),
(22, 193),
(24, 193),
(4, 194),
(23, 194),
(33, 195),
(17, 196),
(19, 196),
(31, 196),
(14, 197),
(15, 197),
(33, 198),
(33, 199),
(33, 200),
(33, 201),
(26, 203),
(33, 204),
(33, 205),
(10, 206),
(17, 207),
(20, 207),
(29, 208),
(12, 209),
(14, 209),
(6, 210),
(36, 210),
(38, 210),
(6, 211),
(6, 212),
(6, 213),
(6, 214),
(36, 216),
(6, 217),
(16, 218),
(36, 218),
(38, 218),
(38, 219),
(38, 220),
(6, 221),
(38, 221),
(6, 222),
(3, 224),
(12, 224),
(12, 225),
(13, 225),
(14, 225),
(17, 226),
(15, 227),
(29, 227);

-- --------------------------------------------------------

--
-- Struktura tabulky `competence_groups`
--

CREATE TABLE IF NOT EXISTS `competence_groups` (
  `competence_group_id` int(11) NOT NULL AUTO_INCREMENT,
  `name` varchar(100) COLLATE utf8_czech_ci NOT NULL,
  `description` text COLLATE utf8_czech_ci NOT NULL,
  PRIMARY KEY (`competence_group_id`)
) ENGINE=InnoDB  DEFAULT CHARSET=utf8 COLLATE=utf8_czech_ci COMMENT='Tabulka obsahující základní skupiny kompetencí' AUTO_INCREMENT=8 ;

--
-- Vypisuji data pro tabulku `competence_groups`
--

INSERT INTO `competence_groups` (`competence_group_id`, `name`, `description`) VALUES
(1, 'Komunikace', 'Kompetence k efektivní komunikaci s jedinci i se skupinou. Zahrnuje schopnost srozumitelně vysvětlovat, prezentovat činnost směrem na venek, podkládat svá tvrzení argumenty, naslouchat a přizpůsobovat komunikaci situaci.'),
(2, 'Plánování a organizování', 'Kompetence k organizování činnosti tak, aby směřovala k dosažení stanovených cílů. Zahrnuje schopnost zanalyzovat současnou situaci, stanovit dosažitelné cíle, zvolit pro ně v hodné prostředky, rozdělit plnění cílů do navazujících kroků a posléze plán vyhodnotit. Kompetence zahrnuje i schopnost finančního plánování. Kompetence vyžaduje znalosti z oblasti projektového managementu.'),
(3, 'Prevence a zvládání krizových situací', 'Kompetence k předcházení krizovým situacím a k efektivnímu řešení krizových situací, pokud nastanou. Zahrnuje znalost relevantních právních a bezpečnostních předpisů a metodik a schopnost jejich aplikace do běžné činnosti. Zahrnuje také schopnost řídit rizika a schopnost řešit krizové situace tak, aby se minimalizoval dopad na organizaci, její členy i na další osoby.'),
(4, 'Práce v týmu a vedení', 'Kompetence ke spolupráci ve skupině a k vedení skupiny. Zahrnuje schopnost potlačit své potřeby na úkor potřeb skupiny, schopnost převzít vedoucí roli, řídit práci skupiny i schopnost podněcovat členy skupiny k plnění společných cílů. Kompetence vyžaduje znalosti z oblasti managementu.'),
(5, 'Sebereflexe a seberozvoj', 'Kompetence k poznání a rozvoji vlastní osobnosti. Zahrnuje schopnost kriticky analyzovat vlastní jednání, přijímat a vyhodnocovat zpětnou vazbu od ostatních a díky tomu pojmenovávat vlastní silné stránky a rezervy a plánovat a realizovat vlastní rozvoj.'),
(6, 'Rozvoj dětí a dospělých', 'Kompetence k cílenému rozvoji ostatních lidí. Zahrnuje znalost různých metod a forem rozvoje a schopnost použít je s ohledem na individuální potřeby jedtlivců i na specifika skupiny. Kompetence se týká rozvoje dětí i dospělých a vyžaduje znalosti z oblasti pedagogiky, andragogiky a psychologie.'),
(7, 'Skauting', 'Kompetence k vykonávání činnosti skautsky. Zahrnuje schopnost naplňovat v rámci činnosti principy a poslání skautingu, vykonávat činnost v souladu s pravidly organizace (Junáka) a využívat možnosti, které příslušnost k Junáku nabízí. Kompetence vyžaduje znalosti skautingu jako hnutí, Junáka jako organizace a metodik a postupů, které jsou v rámci Junáka vytvořeny.');

-- --------------------------------------------------------

--
-- Struktura tabulky `vudce_items`
--

CREATE TABLE IF NOT EXISTS `vudce_items` (
  `vudce_item_id` int(11) NOT NULL AUTO_INCREMENT,
  `directive_id` int(11) NOT NULL COMMENT 'ID dané položky ve směrnici',
  `name` varchar(255) COLLATE utf8_czech_ci NOT NULL,
  `description` varchar(255) COLLATE utf8_czech_ci NOT NULL,
  PRIMARY KEY (`vudce_item_id`)
) ENGINE=InnoDB  DEFAULT CHARSET=utf8 COLLATE=utf8_czech_ci COMMENT='Tabulka obsahující kompetence vůdce' AUTO_INCREMENT=228 ;

--
-- Vypisuji data pro tabulku `vudce_items`
--

INSERT INTO `vudce_items` (`vudce_item_id`, `directive_id`, `name`, `description`) VALUES
(1, 31, 'Respektuje zákony a jiné právní normy.', 'Snaží se zákony neporušovat a vede k tomu členy svého oddílu.'),
(2, 32, 'Zná základní právní předpisy (občanský a trestní zákoník).', 'Ví o existenci těchto právních předpisů, má základní představu o tom, čeho se týkají.'),
(3, 33, 'Ví, kdo je nositelem práv a povinností (právní subjektivita).', 'Znalosti aplikuje i na své středisko a Junáka jako celek, ví, kdo má v Junáku právní subjektivitu a co to znamená. Ví, kdo jedná jménem organizační jednotky Junáka.'),
(4, 34, 'Ví, jak zacházet s osobními údaji, a tyto zásady dodržuje.', ''),
(5, 35, 'Zná základy trestní odpovědnosti.', ''),
(6, 36, 'Zná základy občansko-právní odpovědnosti.', ''),
(7, 37, 'Ví, jak řešit základní situace při porušení práv druhých.', ''),
(8, 38, 'Zná práva dětí a ví, kde jsou obsažena.', 'Úmluva o právech dítěte.'),
(9, 39, 'Zná instituce, organizace, apod., které se zabývají porušováním práv dětí. Ví, kam se v případě porušování práv dětí obrátit.', 'Policie, linky bezpečí, sociální pracovníci, předpokládá se minimální znalost kompetence 31.'),
(10, 40, 'Ví, při jakých oddílových činnostech v přírodě hrozí riziko porušení zákona.', 'Např. Zákon o ochraně přírody a krajiny, lesní zákon, stavební předpisy,vodní zákon, dopravní předpisy, apod. …). Podstatou kompetence není znát přesná ustanovení zákona, ale vědět, že při určitých činnostech hrozí riziko porušení zákona a před jejich usk'),
(11, 219, 'Umí vychovávat děti k tomu, aby znaly svá práva.', ''),
(12, 75, 'Ví, co všechno je třeba pro zajištění a zorganizování oddílové akce (např. výpravy).', 'Např. připravit scénář akce, včas vydat potřebné pokyny a informace, řídit činnosti během akce, zajistit bezpečný průběh atd.'),
(13, 76, 'Je schopen sestavit střednědobý plán oddílu (plán na rok nebo kratší období) podřízený dlouhodobé vizi.', 'Ověřování: závěrečná zkouška, vypracování konkrétního úkolu'),
(14, 77, 'Umí připravit plán tábora (cíle, program, technické, organizační a hospodářské zajištění, rozpočet).', ''),
(15, 78, 'Umí metodicky správně sestavit plán pro dílčí akci podřízený střednědobému plánu.', 'Záměr - mantinely - cíle - prostředky - scénář - vyhodnocení '),
(16, 79, 'Umí sestavit plán řešení nějakého problému.', ''),
(17, 80, 'Je schopen improvizovat, ale uvědomuje si meze plánování i improvizace.', 'Schopnost improvizovat souvisí s tvořivostí'),
(18, 81, 'Umí vytvořit scénář pro dílčí akci (schůzku, výpravu, …). Umí k tomuto scénáři stanovit jednotlivé úkoly pro zabezpečení akce.', ''),
(19, 83, 'Ví, že má mít vizi.', 'Ověřování: uvede důsledky absence vize oddílu a vysvětlí je.'),
(20, 84, 'Zná metody, jak postupovat při stanovení vize (dlouhodobé, střednědobé), nebo ví, kde ji hledat.', ''),
(21, 85, 'Umí analyzovat situaci ve svém oddíle. Ví, proč analyzovat situaci.', ''),
(22, 86, 'Ví, že by měl oddíl přijímat nové členy, ví, proč je to důležité.', ''),
(23, 147, 'Dokáže vést jednotlivce nebo skupinu k reflexi zážitku vlastního chování vedoucí k zobecnění a poučení.', ''),
(24, 157, 'Ví, co chce děti naučit, umí si to rozmyslet a uspořádat.', ''),
(25, 158, 'Umí vybrat a použít vhodné metody a prostředky, aby děti naučil, co potřebuje. Umí vysvětlit, co potřebuje.', 'Umí své vize přehodnotit. Ví, co se stane, když oddíl svoji vizi nedokáže změnit'),
(26, 159, 'Umí sdělit dětem srozumitelně a zřetelně, co potřebuje, tak, aby to pochopily a zařídily se podle toho.', 'Přiměřeně k věku dětí.'),
(27, 160, 'Umí najít vhodné prostředky ke splnění určitého výchovného cíle', 'K cíli dokáže najít vhodné a atraktivní prostředky. Dovede s dětmi pracovat tak, aby je to bavilo, a přitom dokázal splnit své výchovné cíle.'),
(28, 161, 'Dokáže analyzovat, jaké výchovné cíle může plnit určitým programem či aktivitou. ', 'Umí vysvětlit, proč určitý program zařazuje tam, kam ho zařazuje, a dokáže si ho obhájit. Zná důsledky vytváření programu pro program.'),
(29, 172, 'Umí vybrat a zorganizovat hru. Zná zdroje her a aktivit (knihy, internet). Umí hru výchovně využít.', ''),
(30, 173, 'Umí hru upravit a přizpůsobit výchovným cílům, kterých chce dosáhnout.', ''),
(31, 180, 'Ví, jak děti motivovat, rozlišuje a umí používat různé způsoby motivace.', ''),
(32, 184, 'Zná výhody a nevýhody koedukovaných a nekoedukovaných oddílů. Umí přizpůsobit oddílový program podle druhu svého oddílu.', ''),
(33, 185, 'Zná výhody a nevýhody práce s více věkovými kategoriemi v jednom oddílu.Umí přizpůsobit oddílový program podle druhu svého oddílu.', ''),
(34, 188, 'Dovede s dětmi pracovat tak, aby je to bavilo, a přitom dokázal splnit své výchovné cíle.', 'Skauting není hnutí, které by se mělo podbízet vkusu mladých lidí, na druhé straně je třeba „chytat ryby na to, co jim chutná“  (B.P.).'),
(35, 192, 'Umí používat odměny a tresty.', ''),
(36, 215, 'Zná způsoby, jak vést děti k sebevýchově.', ''),
(37, 168, 'Umí metodicky pracovat se skautskou stezkou. Ví, proč a jak stezku použít jako východisko při plánování. Umí skauty motivovat k plnění stezek. Ví, jak ověřovat znalosti a dovednosti ze stezky. Ví, jak se stezkou nepracovat (frontální výuka, zkoušení).', ''),
(38, 169, 'Umí metodicky pracovat s odborkami. Umí je využít jako základ pro individuální rozvoj svých svěřenců. Ví, kde a jak zajistit pro práci na odborkách spolupracovníky.', ''),
(39, 170, 'Umí při výchovné práci účinně využívat nástroje, které mu poskytuje Junák – např. závody, časopisy, celostátní a regionální akce.', 'Vůdce umí posoudit, co je pro jeho oddíl vhodné, u každého z nabízených nástrojů uvažuje, co přinese jeho oddílu. Umí zdůvodnit, proč některý z nabízených nástrojů nevyužije.'),
(40, 171, 'Ví, co je nový výchovný program Junáka. Ví, jaké nabízí příležitosti jemu i jeho oddílu.', 'Chápe silné i slabé stránky nabídek nového skautského programu – zejména novou stezku – a je schopen k nim zaujmout zdůvodněný postoj (zda je bude či nebude používat a proč).'),
(41, 174, 'Uvědomuje si význam prostředí pro výchovné působení. Ví, jak různá prostředí působí při výchově.', 'Vysvětlí na příkladech.'),
(42, 175, 'Ví, jak využívat tradic, rituálů a symbolů v činnosti oddílu. Uvědomuje si, jaký mají smysl, co přinesou oddílu a jeho členům. Ví, jak je používat, aby členům oddílu neuškodily.', 'Dokáže rozčlenit tradice, symboly a rituály podle cílů a smyslu. Nevnímá je jako cíl, ale jako prostředek naplnění určitých výchovných cílů. Umí se vzdát tradiční činnosti nebo rituálu, které nemají výchovný smysl.'),
(43, 177, 'Ví, jak při oddílové činnosti používat rituály, tradice a symboly tak, aby neškodily členům oddílu.', 'Chápe, že některé zvyklosti v oddílech mohou být některým členům (nováčkům) nepříjemné a mohou hraničit s šikanou či ubližováním dětem v oddíle (např. tradice házet nováčky na první výpravě do potoka nebo trestat vylitím ešusu studené vody za krk)'),
(44, 178, 'Umí rozlišit, který program může určit jako povinný a kdy by měl program či rituál pojmout jako dobrovolný.', ''),
(45, 163, 'Není ve vědomém rozporu se skautskou výchovnou metodou, nepopírá ji svou činností.', 'Kompetence nutně nevyžaduje, aby skautské výchovné metodě skutečně rozuměl. Naučit lze použitím programů typu řízená debata, modelové situace, motivační monolog, apod. a vlastním příkladem. Jde o postoj, ověřovat lze při různých programech nebo sebehodnoc'),
(46, 164, 'Ví, co je to skautská výchovná metoda. Rozumí jejím jednotlivým prvkům a ví, jak používat skautskou výchovnou metodu při své práci v oddíle.', 'Chápe, že skautská výchovná metoda je celek, kde jednotlivé prvky lze oddělit jen pro lepší pochopení ale ne pro praktické užití. Dokáže podrobně rozebrat a vysvětlit každý prvek skautské výchovné metody. Dokáže popsat provázanost a společné působení jedn'),
(47, 165, 'Ví, jak využít skautskou výchovnou metodu při práci s věkovou kategorií, na kterou je zaměřen.', ''),
(48, 166, 'Umí využít skautskou výchovnou metodu ke splnění výchovných cílů.', 'Výchovné cíle si určí buď sám podle situace svého oddílu nebo je dostane jako součást zadání modelové situace. U každého cíle uvede, jaké prvky skautské výchovné metody pomohou k jeho naplnění, vysvětlí nejlépe na konkrétních příkladech.'),
(49, 167, 'Umí vysvětlit principy skautské výchovné metody a jejich použití rádcům družin. Umí je naučit s ní pracovat.', ''),
(50, 1, 'Ví, proč se věnuje vedení skautského oddílu', ''),
(51, 2, 'Je si vědom, jaké nároky na něj osobně klade vedení oddílu a co mu přináší.', 'Chceme, aby tušil, co obnáší vedení oddílu po stránce přínosů i ztrát.'),
(52, 14, 'Má přátelský a vstřícný postoj k ostatním v oddíle.', ''),
(53, 18, 'Vše, co dělá, dělá s vědomím odpovědnosti vůči členům oddílu.', 'Tato kompetence poskytuje vůdci základní vodítko např. pro řešení krizových situací – každou situaci řeší tak, aby vyloučil nebo minimalizoval nepříznivý vliv na členy oddílu.'),
(54, 19, 'Umí dobře nějaký obor skautské činnosti (táboření, znalost přírody, umění, …).', 'Nejde o to mít detailní znalosti a dovednosti ve všech oborech, ale o to ovládat jeden obor dostatečně dobře, aby měl vůdce inspiraci pro program oddílu a zdroj autority vůči jeho členům.'),
(55, 20, 'Má znalosti a dovednosti, které může využít v programu oddílu.', ''),
(56, 88, 'Za pomoci dostupných prostředků (mapa, GPS, internet, jízdní řád, dotaz u domorodců) umí najít cestu a spojení dopravními prostředky mezi dvěma libovolně zvolenými místy v ČR.', ''),
(57, 201, 'Umí dát oddílu jeho vlastní tvář. Ví, co je skautským oddílům nutně společné a v čem se mohou a mají lišit a vytvářet tak jedinečná společenství. ', 'Ví, čím je jeho oddíl specifický a zajímavý.'),
(58, 202, 'Umí připravit program oddílu tak, aby využil i své speciální a odborné znalosti a dovednosti. ', 'Využití svých znalostí a dovedností vnímá jako jeden z prostředků, který přispívá ke splnění výchovných cílů, které si stanovil.'),
(59, 203, 'Uvědomuje si, že jeho znalosti a dovednosti jsou příležitostí a prostředkem rozvoje oddílu, nikoli jeho cílem.', ''),
(60, 204, 'Umí vést děti k tomu, aby měly ve svých věcech pořádek.', ''),
(61, 205, 'Umí zjistit, co děti umí a co neumí, dokáže jim pomáhat v rozvíjení jejich schopností a dovedností', ''),
(62, 206, 'Umí děti připravit na zvládání a řešení různých krizových a obtížných situací', 'Klade před děti přiměřené překážky a pomáhá jim s jejich řešením (opak je, že před dětmi překážky odstraňuje)'),
(63, 209, 'Zná způsoby, jak vést děti k samostatné tvořivosti. Ví, proč a jak je samostatná tvořivost důležitá.', ''),
(64, 210, 'Zná metody, jak vést členy oddílu k sebereflexi, umí pro to najít vhodné programy. Umí jim poskytovat správnou zpětnou vazbu.', ''),
(65, 211, 'Umí děti učit komunikovat a vystupovat před ostatními.', ''),
(66, 212, 'Umí rozvíjet manuální zručnost a dovednosti dětí, umí pro tento účel připravit vhodné programy', ''),
(67, 213, 'Ví, že je třeba děti naučit činnostem potřebným pro život v oddíle (např. sbalení batohu, postavení stanu, vaření, úklid, ...), umí to děti vhodným způsobem naučit.', ''),
(68, 25, 'Přemýšlí o hodnotách, kterými se řídí, o svém duchovním rozvoji, o svém svědomí, o vztahu k ostatním lidem.', ''),
(69, 176, 'Uvažuje o významu symbolů, rozumí funkci symbolů. Dokáže respektovat jak obecné zvyklosti, tak individuální přístup k symbolům.', 'Na příkladu ukáže, jak rozumí vybranému symbolu. Nejedná se jen o skautské symboly. Uvede příklady, jak členům oddílu přiblížit obecně sdílené symboly.'),
(70, 214, 'Umí u dětí rozvíjet hodnoty, svědomí a duchovní život. Podporuje děti jako jedinečné morálně silné jedince.', ''),
(71, 217, 'Ví, že je důležité vést děti k aktivní službě okolí a umí v oddíle navodit  vhodné podmínky a připravit programy pro vzájemnou službu jeho členů i pro službu okolí.', ''),
(72, 218, 'Umí vést děti k odpovědnosti vůči společnosti.', ''),
(73, 223, 'Uvědomuje si propojenost dnešního světa. Ví, co je globalizace a jak se projevuje v jeho životě. Přijímá svůj podíl odpovědnosti za dnešní svět.', ''),
(74, 224, 'Umí vést děti ke vnímání krásy a k jejímu porozumění. Ví, jak vést děti ke vnímání a poznávání cenných výtvorů lidské kultury.', ''),
(75, 225, 'Ví, jak vést děti v oddíle ke vnímání krásy přírody. Přemýšlí, proč vést děti k vnímání krásy přírody.', 'Jde o pochopení, že krásné je i to, co člověk nevytvořil, co existuje a vzniká bez jeho přičinění, co je na něm nezávislé atp.'),
(76, 226, 'Umí vést děti ke vnímání a uznání hodnoty přírody. Umí rozvíjet jejich vztah k přírodě.', 'Osobní vztah a odpovědnost vůči přírodě. Příroda jako nenahraditelný zdroj poznání, poučení a setkávání se s opravdovostí. Příroda jako místo pro odpočinek a znovunabytí duševních sil.'),
(77, 227, 'Ví, jak vést děti k šetrnému chování k přírodě a jak toto chování zavádět do oddílové činnosti.', 'Ví, proč je to důležité a umí to vysvětlit.'),
(78, 12, 'K lidem se běžně chová vstřícně a přátelsky.', ''),
(79, 13, 'Umí přizpůsobit komunikaci situaci nebo osobě, s níž hovoří.', ''),
(80, 15, 'Ví, jakým jednáním může odradit ostatní lidi od spolupráce.', ''),
(81, 21, 'Je ochoten přijímat zpětnou vazbu od druhých. Snaží se poučit ze zpětné vazby a svých vlastních chyb.', 'Zde jde primárně o postoj, tj. o ochotu naslouchat zpětné vazbě a poučit se z vlastních chyb.'),
(82, 22, 'Je schopen přijímat zpětnou vazbu od druhých a vyvozovat z ní pro sebe důsledky.', 'Jde zejména o dovednost se ze zpětné vazby opravdu poučit. (Kompetence souvisí též se znalostí principů zpětné vazby a s dovedností dávat zpětnou vazbu druhým.)'),
(83, 28, 'Umí být přiměřeně tolerantní k ostatním, přičemž chápe, že tolerance má své hranice.', 'Umí vysvětlit, kdy je vhodné být tolerantní a kdy ne a jaké následky z obou případů plynou.'),
(84, 29, 'Respektuje tradice, rituály a symboly ostatních (jiných oddílů, společenství, kultur, …)', ''),
(85, 179, 'Ví, jak si pěstovat přátelský vztah k dětem, a dělá to. ', ''),
(86, 216, 'Ví, že je důležité děti vést k vytváření a prožívání hodnotných mezilidských vztahů a přátelství, umí pro to vytvořit v oddíle vhodné podmínky.', ''),
(87, 222, 'Umí u dětí rozvíjet toleranci k odlišnostem (ve vztahu k jiným oddílům, kulturám, náboženství apod.) Umí pro oddíl vymyslet a připravit program, který bude toleranci u dětí rozvíjet.', ''),
(88, 125, 'Chápe, že se bude dostávat do vnitřních konfliktů rolí, kdy působí jako autorita a současně má být vůči dětem otevřený a přátelský. Ví, jak tyto konflikty řešit.', ''),
(89, 134, 'Snaží se předcházet zbytečným osobním konfliktům.', ''),
(90, 135, 'Ví, že v některých případech je konflikt nevyhnutelný. Ví, jak se v takovém případě zachovat tak, aby konflikt vyústil v řešení přijatelné pro obě strany.', ''),
(91, 136, 'Umí řešit krizové situace, které souvisejí s mezilidskými vztahy a konflikty.', ''),
(92, 138, 'Zná a používá zásady slušné a situaci přiměřené komunikace.', ''),
(93, 139, 'Ví, jaké jsou možné chyby při komunikaci s ostatními (osobní útoky, pomluvy…), a snaží se jim vyhýbat.', ''),
(94, 152, 'Je schopný argumentace. Umí argumentovat – zná prostředky argumentace.', ''),
(95, 153, 'Rozumí základům verbální a neverbální komunikace, zná a používá základní pravidla různých forem komunikace.', ''),
(96, 154, 'Své komunikační dovednosti umí využít při vyjednání podmínek pro oddílovou činnost (klubovna, dotace, tábor, apod.).', ''),
(97, 155, 'Umí připravit a přednést krátký proslov na zadané téma, má základní rétorické dovednosti.', ''),
(98, 62, 'Umí používat obvyklé komunikační kanály.', ''),
(99, 63, 'Zná obvyklé informační zdroje (např. Internet).', ''),
(100, 64, 'Ví, kde hledat informace o možnostech získání finančních prostředků pro činnost svého oddílu a o pravidlech, jak s nimi nakládat.', 'Ví, jaké zdroje může očekávat od Junáka a kde jinde hledat možnosti získání peněz.'),
(101, 66, 'Dokáže roztřídit a zhodnotit informace s ohledem na jejich relevanci a hodnověrnost.', ''),
(102, 67, 'Umí si vést a zpracovávat informace o dítěti.', ''),
(103, 68, 'Umí najít a zpracovat informace nezbytné pro činnost. ', ''),
(104, 69, 'Umí informace nezbytné pro činnost (pro potřeby výprav, schůzek, táborů atd.) poskytnout dál vhodnými informačními kanály.', ''),
(105, 70, 'Dokáže poznat, které informace má předat dál a které ne – zbytečné informace, osobní informace atd.', ''),
(106, 71, 'Zvládá vnější komunikaci (mimo Junák - s rodiči, školou, veřejností, úřady, ). Ví, jaké formy, přístupy a postupy použít pro tuto komunikaci.', ''),
(107, 72, 'Zvládá komunikaci s ostatními činovníky, orgány a jednotkami Junáka (s ostatními oddíly, střediskem, ORJ atd.). Ví, jaké formy, přístupy a postupy použít pro tuto komunikaci.', ''),
(108, 73, 'Zná různé běžně dostupné komunikační prostředky a dovede je vhodně používat (dopis, e-mail, telefon, osobní rozhovor ...).', ''),
(109, 74, 'Ví, že je důležité komunikovat s rodiči, úřady, jinými oddíly, střediskem, školou, veřejností, a dokáže vysvětlit proč.', ''),
(110, 208, 'Umí vést děti ke kritickému výběru a posuzování informací', ''),
(111, 103, 'Má obecné znalosti a dovednosti potřebné pro poskytnutí včasné a účinné první pomoci.', 'Organizace první pomoci, na co nezapomenout, schopnost improvizovat, sebeovládání v krizových situacích. Součást zdravotního kurzu'),
(112, 104, 'Prakticky ovládá umělé dýchání a nepřímou masáž srdce a další život zachraňující úkony.', 'Součást zdravotního kurzu'),
(113, 105, 'Umí ošetřit lehká poranění (odřenina, řezná rána, podvrtnutí, klíště, …).', 'Součást zdravotního kurzu'),
(114, 106, 'Ví, jak postupovat při úrazech hlavy, hrudníku, břicha, končetin, zvládá první pomoc a základní ošetření těchto úrazů.', 'Součást zdravotního kurzu'),
(115, 107, 'Umí zajistit péči při náhlých onemocněních – např. bolesti břicha, cévní mozková příhoda, cukrovka, epilepsie, křeče.', 'Součást zdravotního kurzu'),
(116, 108, 'Umí zastavit různé druhy krvácení.', 'Součást zdravotního kurzu'),
(117, 109, 'Ví, jak postupovat při šoku, alergických stavech a bezvědomí.', 'Součást zdravotního kurzu'),
(118, 110, 'Umí poskytnou záchranu tonoucímu.', 'Součást zdravotního kurzu'),
(119, 111, 'Umí poskytnout první pomoc při úrazech elektrickým proudem, poleptání, otravách.', 'Součást zdravotního kurzu'),
(120, 112, 'Umí ošetřit popáleniny, omrzliny, úpal a úžeh.', 'Součást zdravotního kurzu'),
(121, 113, 'Zná základní infekční nemoci, rozpozná jejich příznaky a umí poskytnout základní ošetření.', 'Součást zdravotního kurzu'),
(122, 114, 'Umí poskytnout první pomoc se zaměřením na specifika dětského věku a táborovou kliniku - horečnaté stavy, drobná zranění, průjmy, alergie.', 'Součást zdravotního kurzu'),
(123, 115, 'Ovládá základy ošetřování nemocných, ví, jak postupovat při infekčním onemocnění na táboře nebo ve větší skupině lidí.', 'Součást zdravotního kurzu'),
(124, 116, 'Rozumí organizaci integrovaného záchranného systému, zná linky tísňového volání, umí zavolat záchranku a další pomoc.', 'Součást zdravotního kurzu'),
(125, 117, 'Ovládá polohování, transport nemocných, zvládá základní obvazovou techniku.', 'Součást zdravotního kurzu'),
(126, 118, 'Ví, jaké je povinné vybavení lékárničky, zná základní skupiny léků a jejich použití.', 'Součást zdravotního kurzu'),
(127, 119, 'Umí zajistit, aby na každé družinové a oddílové akci (včetně tábora) byla přiměřeně vybavená lékárna.', 'Smyslem této kompetence je vědět, že jednou z povinností vůdce je zajistit správně vybavenou lékárnu na jakoukoli oddílovou a družinovou akci. Vůdce nemusí sám umět vybrat a sehnat správné léky a materiál, musí však umět sehnat lékaře nebo zdravotníka, kt'),
(128, 120, 'Zná základní závazné zdravotnické předpisy týkající se činnosti oddílu.', 'Např. povinnosti zdravotníka tábora, znalost nutných dokladů k pobytu na akci (bezinfekčnost, posudek o způsobilosti dítěte, vedoucího, pracovníka v kuchyni), zdravotní deník, fyzická a psychická zátěž dítěte při pobytu na táboře, režim dne, osobní hygien'),
(129, 121, 'Je schopen zajistit potřebné lékařské ošetření dětí na táboře.', 'Ví, kde je nejbližší lékař, pohotovost a nemocnice v místě tábora, komunikuje s místním lékařem. Součást zdravotního kurzu'),
(130, 122, 'Při činnosti oddílu uplatňuje zásady prevence úrazů a onemocnění.', 'Např. vhodné vybavení, přiměřená zátěž, otužování, bezpečnost, apod. Součást zdravotního kurzu'),
(131, 89, 'Umí zvolit vhodnou trasu výpravy.', ''),
(132, 90, 'Umí vybrat vhodné místo pro táboření.', 'Místo pro přenocování na jednu noc i místo na třítýdenní tábor.'),
(133, 92, 'Umí sestavit správný jídelníček a pitelníček na akce různého typu.', 'Výpravy, tábor.'),
(134, 93, 'Umí zajistit přípravu letního tábora po technické a materiální stránce (vyhledání a zajištění tábořiště, vybavení, doprava, materiál, táborové stavby).', ''),
(135, 94, 'Umí zajistit likvidaci tábora, zbourání staveb, úklid okolí, ošetření a uložení materiálu.', ''),
(136, 95, 'Umí zvolit vhodnou výbavu na akce různého typu a rozsahu.', ''),
(137, 96, 'Umí zajistit přiměřený režim aktivity a odpočinku (včetně spánku).', ''),
(138, 97, 'Umí zajistit jídlo a pití v přiměřeném množství a kvalitě.', ''),
(139, 98, 'Ví, jak v případě potřeby děti v přírodě zahřát a usušit.', ''),
(140, 99, 'Umí zajistit přiměřenou míru osobní hygieny a hygieny při táboření, vaření, bydlení apod.', ''),
(141, 100, 'Pro oddílové akce umí vybrat vhodné prostředí z hlediska bezpečnosti a hygieny (čisté ovzduší, nízká úroveň hluku, dostupný terén, bezpečný zdroj vody, …)', 'Podle programu a možností. Smyslem této kompetence je, aby vůdce nepostavil tábor pod dálničním mostem nebo vedle smetiště či prasečáku, na druhou stranu by tato kompetence neměla znemožnit oddílu udělat procházku po centru Prahy nebo strávit část schůzky'),
(142, 181, 'Zná základní vývojové charakteristiky dítěte a dovede podle nich s dětmi pracovat, ví o fyzických a psychických hranicích dětí v různém věku a tyto hranice respektuje.', ''),
(143, 182, 'Ví, že je nutné volit odlišný program pro různé věkové kategorie, a uvědomuje si rizika, která přináší uvedení programu v nevhodném věku.', 'Ukáže a vysvětlí na příkladech.'),
(144, 183, 'Chápe odlišnosti chlapců a dívek v různém věku a tyto odlišnosti respektuje.', ''),
(145, 186, 'Orientuje se ve světě dnešních dětí (škola, zájmy, hodnoty, zábava, kamarádi, parta, …) Ví, kde hledat informace o dnešních dětech.', 'Součástí je i znalost, jaké mají děti zájmy a možnosti v místě, kde působí jeho oddíl.'),
(146, 187, 'Ví, co dnešní děti zajímá, a na základě toho je dokáže zaujmout, získat a přivést do oddílu.', 'Jde zejména o to, umět oslovit a zaujmout děti a přivést je do skautského oddílu. Bez schopnosti získávat nové děti do oddílů nebude skauting existovat.'),
(147, 189, 'Má přehled o rizicích, která ohrožují děti a mládež (závislosti, sekty, zneužívání, …), ví, jak děti o těchto rizicích přiměřeně informovat, je schopen pomoci, když se na něho dítě obrátí s prosbou o pomoc nebo o radu.', 'Buď o věci ví tolik, že dětem vysvětlí vše potřebné, nebo umí sehnat odborníky, literaturu, instituce, na které je možné se obrátit.'),
(148, 190, 'Ví, jak rozpoznat, že má dítě nějaký problém, a umí mu s ním pomoci.', ''),
(149, 191, 'Dovede posoudit, co pro děti je užitečné a co není.', 'Předává dětem užitečné informace a dovednosti pro tento svět. Soudí na základě znalostí jejich potřeb i potřeb současného světa.'),
(150, 193, 'Umí komunikovat s dětmi přiměřeně jejich věku a vyspělosti.', ''),
(151, 194, 'Uvědomuje si, že každé dítě je jedinečná osobnost, a podle toho s ním jedná.', ''),
(152, 195, 'Umí nacházet způsoby a hledat či vytvářet situace, ve kterých pozná osobnost dítěte.', ''),
(153, 196, 'Umí zjistit, jaká je rodinná a osobní situace dětí v oddíle, a umí tomu přizpůsobit své chování a vystupování.', 'Zajímá se o svět dětí, které má v oddíle. Souvisí s kompetencemi, které se týkají komunikace a spolupráce s rodiči.'),
(154, 197, 'Umí poznat sociální vztahy v oddíle a podpořit děti, které jsou v oddíle v sociálně nevýhodné situaci.', ''),
(155, 198, 'Ví, že v jeho oddíle mohou být děti se specifickými poruchami učení. Ví, jak se chovat, aby těmto dětem nevědomě neubližoval.', 'Specifické poruchy učení – např. dyslexie, dysgrafie, …'),
(156, 199, 'Zná základní metody a přístupy, jak pracovat s dětmi se specifickými poruchami učení.', 'Má přehled o jednotlivých typech SPU. Zná specifika práce s nimi. Ví, jaká to přináší rizika, má základní představu, jak k těmto dětem přistupovat, co od nich očekávat, jaké na ně klást požadavky, tuší, kolik jich je v populaci. Ví, na koho se obrátit. Ví'),
(157, 200, 'Umí odpovědět na otázku „Kolik je to ještě kilometrů?“', 'Jde o dovednost motivovat děti k snášení určité míry nepohodlí a námahy. Vůdce by měl umět odpovědět na uvedenou otázku dětem různého věku.'),
(158, 123, 'Ví, jaké jsou hlavní zdroje autority. Umí si autoritu dlouhodobě budovat.', 'Např. ví, že autoritu narušuje nedůslednost, špatný osobní příklad, nadměrné používání autoritativních příkazů v nevhodnou dobu apod.'),
(159, 124, 'Umí vysvětlit, jaký vliv mají schopnosti vůdce na jeho autoritu. Uvědomuje si, které jeho vlastnosti a dovednosti mohou být zdrojem autority vůči členům oddílu.', ''),
(160, 127, 'Ví, jaká rizika přináší autorita a moc, uvažuje nad možnými příklady zneužití moci a autority ve skautském prostředí.', ''),
(161, 129, 'Umí udržet přiměřenou kázeň v oddíle.', ''),
(162, 130, 'Umí vydat příkaz (přiměřeným způsobem, tónem a hlasem), který dává minimum příležitostí pro neuposlechnutí.', 'Jde o praktickou rétorickou dovednost umět vydat dostatečně autoritativní příkaz v krizové situaci.'),
(163, 131, 'Umí rozpoznat situace, kdy je nutné použít autoritativní příkaz.', 'Např. v krizových situacích, v nebezpečí, když se schyluje k hádce mezi členy apod.'),
(164, 133, 'Nezneužívá své autority.', ''),
(165, 140, 'Umí motivovat své spolupracovníky a členy oddílové rady k práci pro oddíl.', ''),
(166, 141, 'Uvědomuje si potřebnost spolupracovníků  při vedení oddílu', ''),
(167, 142, 'Ví, jak hledat a získávat spolupracovníky (v oddíle i mimo něj).', ''),
(168, 143, 'Dokáže si udržet kontakt s lidmi, kteří z oddílu odejdou, využít je např. jako „externisty“.', 'Snaží se rozcházet s lidmi v dobrém, pokud není možná spolupráce. Ví, jak minimalizovat riziko zbytečných nedorozumění ve svízelných situacích.'),
(169, 145, 'Chápe, že pro úspěšné trvání oddílu je nutné hledat si nástupce. Ví, jak si nástupce najít a jak ho připravit pro převzetí oddílu.', ''),
(170, 146, 'Umí podporovat soudržnost skupiny (v oddíle), ví, že je to důležité. Umí vytvořit ze skupiny partu (lidi se spolu cítí dobře, rozumí si).', 'Ukáže příklady, kdy svým aktivním chováním, programem, rituály apod. podporuje soudržnost skupiny a partu. Umí vysvětlit, které spontánní situace přispívají k budování party. Umí vysvětlit, jaké situace můžou dobré vztahy nabourat a jak se těmto situacím '),
(171, 148, 'Umí pracovat v týmu', 'Např. umí při vedení oddílu spolupracovat se svými zástupci a oddílovou radou.'),
(172, 149, 'Umí spolupracovat s ostatními.', ''),
(173, 101, 'Dokáže analyzovat příčiny vzniklých krizových situací a poučit se z nich. Umí předcházet krizovým situacím.', 'Krizí se zde rozumí událost nebo situace, která nějak ohrožuje členy oddílu, program, majetek apod. (např. dopravní nehoda, povodeň, požár, vykradená klubovna, na výpravě ujede vlak apod.)'),
(174, 126, 'Zná základní styly vedení a ví, v jakých situacích je vhodné je použít (umí rozpoznat, kdy je čas na diskuzi a kdy je čas na rozhodnutí a následný „rozkaz“).', 'Ví, v jakých situacích může nechat rozhodovat členy oddílu, kdy s nimi o rozhodnutí diskutovat a kdy musí rozhodnout sám bez diskuze.'),
(175, 128, 'Ví, jak pomoci rádcům s budováním jejich autority vůči členům družin.', 'Podobně i u vlčat a světlušek, resp. v roverském věku.'),
(176, 144, 'Dokáže spojit úkoly s nejvhodnějšími lidmi.', 'Umí pro splnění úkolu najít nejlepšího člověka. Snaží se pro každého svého spolupracovníka najít co nejlepší uplatnění.'),
(177, 150, 'Umí zadat úkol, průběžně jej kontrolovat a na závěr zhodnotit.', ''),
(178, 151, 'Umí vést porady v rámci oddílu.', ''),
(179, 156, 'Dokáže vysvětlit ostatním, proč se věnuje vedení oddílu', 'Dokáže to vysvětlit různým lidem (rodičům, kamarádům, dětem v oddíle apod.) Navazuje na kompetenci: Uvědomuje si, proč se věnuje vedení skautského oddílu'),
(180, 41, 'Uvědomuje si přínos plynoucí z příslušnosti oddílu k Junáku a určité organizaci vůbec. Chápe, jaký smysl má pro oddíl jeho začlenění ve středisku a v Junáku.', 'Včetně výhod a přínosů, které z toho plynou jemu osobně.'),
(181, 42, 'Ví, jak se jmenuje jeho středisko.', 'Přesný název střediska včetně čísla.'),
(182, 43, 'Dokáže na nutné úrovni zajistit agendu vedení svého oddílu (registrace, tábory, akce).', 'V první řadě zde jde o zvládnutí praktických dovedností, které jsou nutné pro vedení agendy oddílu.'),
(183, 44, 'Zná základní prvky organizační struktury (středisko, okres, kraj, ústřední orgány) a jejich smysl pro Junáka a pro svůj oddíl.', ''),
(184, 45, 'Zná základní předpisy Junáka (Stanovy, Organizační a Volební řád, Hospodářský řád, Řád pro vzdělávání) a ví, proč je Junák má.', 'Ví, jakou problematiku jednotlivé předpisy řeší, zná jejich hierarchii, ví, kde najde jejich platné znění a umí se orientovat v jejich textu.'),
(185, 46, 'Má základní představu o tom, jak jednotlivé orgány (sněm, rada, vedoucí střediska, revizní komise) ovlivňují chod střediska. Je mu zřejmé, že jeho středisko bude takové, jaké si ho on a další vedoucí udělají.', ''),
(186, 47, 'Ví, co může dělat, pokud není spokojen s nějakým nařízením, rozhodnutím či předpisem.', 'Chápe základní principy demokracie v Junáku.'),
(187, 48, 'Ví, jakým způsobem středisko řídí oddíly, zná práva a povinnosti vůdce oddílu ve střediskové radě.', ''),
(188, 65, 'Umí najít a využít informace, které mu poskytuje Junák.', 'Dokáže používat skautskou křižovatku a časopisy jako zdroje informací, které potřebuje'),
(189, 11, 'Je normální slušný člověk.', 'Základní předpoklad, se kterým počítáme. Touto kompetencí se rozumí dodržování běžných občanských a mravních norem.'),
(190, 16, 'Umí si hrát.', 'Bez této dispozice těžko může rád a úspěšně být vůdce dětí'),
(191, 17, 'Zná a dodržuje zásady zdravého životního stylu a tyto zásady uplatňuje v oddíle.', 'Zdravé stravování, dostatečná tělesná aktivita, pravidelný denní režim, apod.'),
(192, 23, 'Je si vědom svých fyzických a psychických mezí, dokáže odhadnout své reakce ve vypjatých, nicméně pravděpodobných situacích.', 'Ví, jak se zbytečně nevystavovat těmto situacím, chová se tak, aby riziko minimalizoval. Má rozmyšlené a vnitřně přijaté „programy“ pro „krizové“ situace. Je si vědom „slabých stránek své psychiky“ (např. svých fóbií), snaží se s nimi vypořádat (a umí s n'),
(193, 24, 'Je schopen kritické sebereflexe a zamyšlení nad svým vlastním jednáním a prožíváním. Snaží se o nadhled a poučení z vlastních chyb.', 'Umí nedestruktivně kritizovat a hodnotit sám sebe . Zná formy sebereflexe, které jsou tvůrčí, zajímavé a celkem příjemné.'),
(194, 26, 'Má vizi svého osobního rozvoje a snaží se k ní postupnými kroky směřovat, staví si stále nové cíle.', 'Uvažuje o svých životních prioritách. Zvládá základy plánování si svého času, umí si čas rozvrhnout čas (umí využít metody  plánování, které používá pro svůj oddíl i k plánování svého života, rozhoduje se podle svých priorit).'),
(195, 27, 'V oddíle i v běžném životě uznává stejné hodnoty a snaží se podle nich žít. Nevede dvojí život, nepřetvařuje se.', 'Např. vůdce, který je kuřák, by měl otevřeně přiznat svůj zlozvyk členům oddílu ( a nekouřit na táboře tajně). Současně však může kouřit jen tehdy, kdy to nepoškozuje jeho svěřence (tj. nebude kouřit na schůzce nebo na programu).'),
(196, 132, 'Uvědomuje si, že je v každé situaci vzorem (ať chce nebo nechce), a uvědomuje si důsledky svého chování. ', 'Vyjmenuje příklady chování, kdy by mohl být špatným vzorem členům svého oddílu – v různých oblastech (mezilidské vztahy, vztah k přírodě, ke svému okolí, …).'),
(197, 137, 'Ví, co to je hygiena práce, a dbá na její dodržování, aby co nejvíce snížil riziko nehod a zkratových jednání.', 'Je si vědom toho, že nevyspalý a unavený vedoucí může udělat fatální chybu. Je si vědom i rizika alkoholu a dalších psychotropních látek. Dokáže odhadnout své možnosti a nenabírá si nezvládnutelné úkoly.'),
(198, 3, 'Je vůči skautskému hnutí a Junáku loajální – není s ním ve vědomém rozporu, vnímá je kladně či neutrálně.', 'Jinak by bylo lépe, aby se výchově dětí věnoval jinde.'),
(199, 4, 'Umí charakterizovat základní znaky skautingu, ví, co dělá skauting skautingem.', 'Chápe poslání skautingu, rozumí jeho třem principům a ví, co je skautská výchovná metoda.'),
(200, 5, 'Rozumí hodnotám, na kterých stojí skautské hnutí, umí je popsat a umí vysvětlit, proč tyto hodnoty sdílí.', 'Jde o hlubší zamyšlení, nejzákladnější znalost a porozumění obsahuje předchozí kompetence.'),
(201, 6, 'Chápe skauting jako hnutí, které reaguje na potřeby dnešních dětí a současné společnosti.', 'Umí popsat, v čem je skauting moderním a pružným hnutím.'),
(202, 7, 'Nechápe skauting jako místo, kam utíká před vnějším světem.', 'Umí žít i v jiných sociálních skupinách než ve skautských. Ví, jak se realizovat (a realizuje se) v životě i jinými činnostmi než skautingem.'),
(203, 8, 'Ví, jak aplikovat získané vědomosti a dovednosti ze skautské činnosti v každodenním životě a naopak.', ''),
(204, 9, 'Má představu o velikosti skautského hnutí a jeho možnostech ovlivňovat svět (jeho roli ve společnosti).', ''),
(205, 10, 'Má základní přehled o historii skautingu v českých zemích. Rozumí tomu, jak je současná tvář českého skautingu ovlivněna historickým vývojem české společnosti a českého skautského hnutí.', 'Nejde o znalost dat, ale o porozumění událostem, které ovlivnily český skauting a které mají vliv i na skauting v současné době (zákaz skautingu, pronásledování a věznění skautů, obnova Junáka v 40., 60. a 90. letech).'),
(206, 30, 'Dokáže se zapojit do diskuse nad současnými tématy z různých oblastí, dokáže k nim zaujmout postoj.', 'Jde o základní orientaci a schopnost uvažovat o naznačených tématech. (má všeobecný přehled – kultura, politika, ekonomika, sport, základní fungování společnosti a životního prostředí).'),
(207, 220, 'Umí vytvořit v oddíle nebo družinách demokratické prostředí, kde se děti podílejí na rozhodování a nesou za ně odpovědnost.', ''),
(208, 221, 'Umí vést děti k porozumění demokratickým principům fungování společnosti (v oddíle, ve třídě, v obci, v Junáku, ...) a dokáže je vést k aktivnímu podílu na demokratickém rozhodování přiměřenému jejich věku', ''),
(209, 49, 'Zná význam a možnosti pojištění při oddílové činnosti a ví, na co se příslušné pojištění vztahuje a za jakých podmínek.', ''),
(210, 51, 'Ví, co zahrnuje hospodaření na úrovni oddílu, jaké jsou možnosti, povinnosti a odpovědnost vůdce oddílu v hospodářské oblasti.', ''),
(211, 52, 'Zná nezbytné náležitosti dokladů tak, aby byly použitelné v účetnictví. Ví, jaké typy dokladů se používají k vyúčtování obvyklých výdajů (paragon, cestovní příkaz, smlouva, …)', ''),
(212, 53, 'Umí sestavit vyúčtování akce.', ''),
(213, 54, 'Umí vést pokladní knihu (včetně pokladních dokladů).', 'Jde o základní praktickou dovednost.'),
(214, 55, 'Zná rozdíl mezi malou a velkou akcí a s nimi spojené povinnosti vůči středisku.', ''),
(215, 56, 'Ví, co je to dar a co je jiný příjem (reklama).', ''),
(216, 57, 'Ví, co jsou to členské příspěvky a kdo stanovuje jejich výši. Má představu, k čemu slouží členské příspěvky a co je z nich financováno. Ví, že může ovlivnit výši příspěvků pro svůj oddíl a jejich čerpání.', 'Dokáže srozumitelně vysvětlit členům oddílu, rodičům, apod.'),
(217, 58, 'Ví, že na oddílovou činnost potřebuje peníze a ví, že je i jeho starostí, zda oddíl bude mít dostatek peněz na svou činnost.', ''),
(218, 59, 'Je schopen zajistit péči o oddílový majetek a vybavení (včetně klubovny).', ''),
(219, 60, 'Ví, kdo je vlastníkem majetku, který používá oddíl, ví, jak se tento majetek eviduje a proč.', ''),
(220, 61, 'Ví, jaký je rozdíl mezi evidencí majetku a inventarizací.', ''),
(221, 50, 'Ví, jaké jsou povinnosti a odpovědnost vůdce oddílu z hlediska hospodářského zajištění oddílové akce.', ''),
(222, 82, 'Ví, co je to rozpočet a k čemu slouží. Umí ke scénáři dílčí akce sestavit jednoduchý rozpočet.', ''),
(223, 87, 'Zná způsoby, jak doplňovat členskou základnu svého oddílu', ''),
(224, 91, 'Program a činnost umí přizpůsobit počasí. Umí předem připravit variantu programu pro špatné počasí.', ''),
(225, 102, 'Umí zajistit odpovídající bezpečnost prováděných činností. Zná bezpečnostní pravidla a řídí se jimi.', 'Ví, které činnosti může s dětmi provozovat sám, a které může vést jen vyškolený odborník s oficiální kvalifikací (slaňování, jeskyně, divoká voda, apod.)'),
(226, 162, 'Ví, kdy, jak a proč je nutné měnit vizi oddílu', 'Umí své vize přehodnotit. Ví, co se stane, když oddíl svoji vizi nedokáže změnit'),
(227, 207, 'Umí naučit děti v oddíle poskytnout první pomoc a přivolat záchranku.', '');

--
-- Omezení pro exportované tabulky
--

--
-- Omezení pro tabulku `competences`
--
ALTER TABLE `competences`
  ADD CONSTRAINT `competences_ibfk_1` FOREIGN KEY (`competence_group_id`) REFERENCES `competence_groups` (`competence_group_id`) ON UPDATE CASCADE;

--
-- Omezení pro tabulku `competences_cekatel_items`
--
ALTER TABLE `competences_cekatel_items`
  ADD CONSTRAINT `competences_cekatel_items_ibfk_2` FOREIGN KEY (`cekatel_item_id`) REFERENCES `cekatel_items` (`cekatel_id`) ON DELETE CASCADE ON UPDATE CASCADE,
  ADD CONSTRAINT `competences_cekatel_items_ibfk_1` FOREIGN KEY (`competence_id`) REFERENCES `competences` (`competence_id`) ON DELETE CASCADE ON UPDATE CASCADE;

--
-- Omezení pro tabulku `competences_vudce_items`
--
ALTER TABLE `competences_vudce_items`
  ADD CONSTRAINT `competences_vudce_items_ibfk_2` FOREIGN KEY (`vudce_item_id`) REFERENCES `vudce_items` (`vudce_item_id`) ON DELETE CASCADE ON UPDATE CASCADE,
  ADD CONSTRAINT `competences_vudce_items_ibfk_1` FOREIGN KEY (`competence_id`) REFERENCES `competences` (`competence_id`) ON DELETE CASCADE ON UPDATE CASCADE;
